0.000000,0.037037,0.037037,0.037037,0.037037,0.037037,0.037037,0.037037,0.037037,0.037037,0.037037,0.037037,0.037037,0.037037,0.037037,0.037037,0.037037,0.037037,0.037037,0.037037,0.037037,0.037037,0.037037,0.037037,0.037037,0.037037,0.037037,0.037037,0.015625,0.015625,0.015625,0.015625,0.015625,0.015625,0.015625,0.015625,0.015625,0.015625,0.015625,0.015625,0.015625,0.015625,0.015625,0.015625,0.015625,0.015625,0.015625,0.015625,0.015625,0.015625,0.015625,0.015625,0.015625,0.015625,0.015625,0.015625,0.015625,0.015625,0.015625,0.015625,0.015625,0.015625,0.015625,0.015625,0.015625,0.015625,0.015625,0.015625,0.015625,0.015625,0.015625,0.015625,0.015625,0.015625,0.015625,0.015625,0.015625,0.015625,0.015625,0.015625,0.015625,0.015625,0.015625,0.015625,0.015625,0.015625,0.015625,0.015625,0.015625,0.015625,0.015625,0.015625
0.011983,0.0368156,0.037037,0.037037,0.0368893,0.0371111,0.0371111,0.0369628,0.0371851,0.037185,0.0367421,0.0369631,0.036963,0.0368156,0.037037,0.037037,0.036889,0.0371108,0.0371108,0.0368889,0.0371108,0.0371107,0.0369627,0.037185,0.037185,0.0370364,0.0372591,0.0372591,0.0155627,0.015542,0.0155833,0.0155626,0.0156252,0.0156043,0.0156458,0.015625,0.0155835,0.0155627,0.0156041,0.0155833,0.015646,0.0156251,0.0156667,0.0156458,0.0155835,0.0155627,0.0156041,0.0155833,0.015646,0.0156252,0.0156667,0.0156458,0.0156043,0.0155835,0.0156249,0.0156041,0.0156668,0.015646,0.0156876,0.0156667,0.0155834,0.0155626,0.015604,0.0155832,0.0156459,0.015625,0.0156666,0.0156457,0.0156041,0.0155833,0.0156247,0.0156039,0.0156667,0.0156458,0.0156874,0.0156665,0.0156042,0.0155834,0.0156248,0.015604,0.0156667,0.0156459,0.0156875,0.0156666,0.0156249,0.0156041,0.0156456,0.0156247,0.0156876,0.0156667,0.0157083,0.0156874
0.025161,0.0365733,0.037037,0.0370368,0.0367272,0.0371928,0.0371926,0.0368805,0.037348,0.0373478,0.0364201,0.0368818,0.0368816,0.0365733,0.037037,0.0370368,0.0367259,0.0371915,0.0371913,0.0367257,0.0371913,0.0371911,0.0368802,0.0373478,0.0373476,0.0370341,0.0375036,0.0375034,0.0154947,0.0154512,0.0155374,0.0154938,0.0156257,0.0155819,0.0156688,0.0156249,0.0155379,0.0154944,0.0155808,0.0155371,0.0156694,0.0156254,0.0157126,0.0156685,0.0155382,0.0154947,0.0155811,0.0155374,0.0156696,0.0156257,0.0157129,0.0156688,0.0155816,0.0155379,0.0156246,0.0155808,0.0157134,0.0156694,0.0157567,0.0157126,0.0155375,0.0154939,0.0155803,0.0155367,0.0156689,0.015625,0.0157121,0.0156681,0.0155809,0.0155372,0.0156239,0.0155801,0.0157127,0.0156686,0.015756,0.0157118,0.0155812,0.0155375,0.0156241,0.0155803,0.0157129,0.0156689,0.0157563,0.0157121,0.0156247,0.0155809,0.0156678,0.0156239,0.0157568,0.0157127,0.0158003,0.015756
0.039651,0.0363083,0.0370369,0.0370363,0.0365495,0.037283,0.0372824,0.0367892,0.0375274,0.0375269,0.0360686,0.0367924,0.0367919,0.0363083,0.0370369,0.0370363,0.0365463,0.0372797,0.0372792,0.0365458,0.0372792,0.0372786,0.0367886,0.0375269,0.0375263,0.0370298,0.0377729,0.0377724,0.0154202,0.015352,0.0154867,0.0154182,0.0156267,0.0155576,0.0156941,0.0156247,0.0154881,0.0154195,0.0155549,0.0154861,0.0156955,0.0156261,0.0157632,0.0156935,0.0154888,0.0154202,0.0155556,0.0154867,0.0156962,0.0156267,0.0157639,0.0156941,0.0155569,0.0154881,0.015624,0.0155549,0.0157653,0.0156955,0.0158333,0.0157632,0.015487,0.0154184,0.0155538,0.0154849,0.0156944,0.0156249,0.0157621,0.0156923,0.0155551,0.0154863,0.0156222,0.0155531,0.0157634,0.0156937,0.0158314,0.0157614,0.0155558,0.015487,0.0156229,0.0155537,0.0157641,0.0156944,0.0158321,0.0157621,0.0156242,0.0155551,0.0156916,0.0156222,0.0158335,0.0157634,0.0159018,0.0158314
0.055583,0.0360186,0.0370367,0.0370357,0.0363548,0.0373824,0.0373814,0.0366879,0.0377249,0.0377239,0.0356855,0.0366942,0.0366932,0.0360186,0.0370367,0.0370357,0.0363485,0.037376,0.037375,0.0363475,0.0373749,0.0373739,0.0366868,0.0377238,0.0377228,0.0370229,0.0380694,0.0380684,0.0153389,0.0152436,0.0154308,0.015335,0.0156284,0.0155313,0.0157221,0.0156244,0.0154335,0.0153376,0.015526,0.0154295,0.0157248,0.0156271,0.015819,0.0157207,0.0154348,0.0153389,0.0155273,0.0154308,0.0157261,0.0156284,0.0158204,0.0157221,0.01553,0.0154335,0.0156231,0.015526,0.0158231,0.0157248,0.0159179,0.015819,0.0154313,0.0153354,0.0155238,0.0154273,0.0157225,0.0156248,0.0158168,0.0157185,0.0155264,0.01543,0.0156195,0.0155225,0.0158195,0.0157212,0.0159143,0.0158154,0.0155278,0.0154313,0.0156208,0.0155238,0.0158208,0.0157225,0.0159157,0.0158168,0.0156235,0.0155264,0.0157172,0.0156195,0.0159184,0.0158195,0.0160138,0.0159143
0.073100,0.0357022,0.0370365,0.0370348,0.0361415,0.0374922,0.0374905,0.0365754,0.0379424,0.0379406,0.0352681,0.0365863,0.0365845,0.0357021,0.0370364,0.0370347,0.0361307,0.0374811,0.0374793,0.036129,0.0374792,0.0374775,0.0365735,0.0379404,0.0379386,0.0370126,0.0383959,0.0383941,0.0152501,0.0151253,0.0153692,0.0152434,0.0156309,0.0155029,0.0157529,0.0156239,0.0153737,0.0152479,0.0154938,0.0153669,0.0157576,0.0156286,0.0158806,0.0157506,0.015376,0.0152501,0.015496,0.0153692,0.0157599,0.0156309,0.0158829,0.0157529,0.0155006,0.0153737,0.0156217,0.0154938,0.0158876,0.0157576,0.0160117,0.0158806,0.01537,0.0152441,0.0154899,0.0153631,0.0157537,0.0156247,0.0158767,0.0157467,0.0154945,0.0153677,0.0156155,0.0154877,0.0158814,0.0157514,0.0160054,0.0158743,0.0154968,0.0153699,0.0156178,0.0154899,0.0158837,0.0157537,0.0160077,0.0158767,0.0156224,0.0154945,0.0157444,0.0156155,0.0160125,0.0158814,0.0161375,0.0160054
0.092359,0.0353569,0.0370362,0.0370335,0.0359079,0.0376135,0.0376107,0.0364504,0.0381817,0.0381789,0.0348141,0.0364677,0.036465,0.0353567,0.0370361,0.0370333,0.0358909,0.0375956,0.0375928,0.0358881,0.0375927,0.0375898,0.0364474,0.0381786,0.0381757,0.036998,0.0387554,0.0387525,0.0151533,0.0149962,0.0153012,0.0151426,0.0156344,0.0154723,0.0157869,0.0156233,0.0153084,0.0151497,0.0154578,0.0152976,0.0157944,0.0156307,0.0159485,0.0157832,0.015312,0.0151533,0.0154614,0.0153011,0.0157981,0.0156343,0.0159522,0.0157869,0.0154687,0.0153084,0.0156197,0.0154578,0.0159598,0.0157944,0.0161155,0.0159485,0.0153024,0.0151438,0.0154517,0.0152916,0.0157882,0.0156245,0.0159422,0.015777,0.015459,0.0152988,0.0156099,0.0154481,0.0159498,0.0157845,0.0161054,0.0159385,0.0154626,0.0153023,0.0156135,0.0154517,0.0159535,0.0157881,0.0161092,0.0159422,0.0156209,0.015459,0.0157733,0.0156098,0.0161168,0.0159498,0.0162741,0.0161054
0.113530,0.0349804,0.0370359,0.0370318,0.0356524,0.0377474,0.0377432,0.0363115,0.0384452,0.0384409,0.0343207,0.0363375,0.0363334,0.0349801,0.0370356,0.0370315,0.0356267,0.0377203,0.037716,0.0356226,0.0377158,0.0377116,0.0363069,0.0384404,0.0384361,0.0369781,0.0391511,0.0391467,0.0150477,0.0148556,0.0152261,0.0150317,0.0156391,0.0154394,0.0158245,0.0156224,0.015237,0.0150424,0.0154176,0.0152207,0.0158358,0.0156336,0.0160235,0.0158189,0.0152423,0.0150477,0.015423,0.015226,0.0158413,0.015639,0.0160291,0.0158244,0.015434,0.0152369,0.0156169,0.0154175,0.0160405,0.0158357,0.0162306,0.0160234,0.0152279,0.0150335,0.0154084,0.0152117,0.0158264,0.0156243,0.0160139,0.0158095,0.0154194,0.0152225,0.0156022,0.015403,0.0160254,0.0158208,0.0162153,0.0160083,0.0154248,0.0152279,0.0156076,0.0154084,0.016031,0.0158263,0.016221,0.0160139,0.0156188,0.0154194,0.0158039,0.0156021,0.0162326,0.0160253,0.016425,0.0162153
0.136802,0.0345703,0.0370355,0.0370295,0.035373,0.0378954,0.0378894,0.0361569,0.0387353,0.0387291,0.0337854,0.0361946,0.0361888,0.0345698,0.037035,0.0370291,0.035336,0.0378558,0.0378497,0.03533,0.0378494,0.0378433,0.0361503,0.0387282,0.038722,0.0369515,0.0395865,0.0395802,0.0149328,0.0147025,0.0151433,0.0149097,0.0156454,0.0154041,0.0158659,0.0156212,0.015159,0.0149252,0.0153726,0.0151355,0.0158823,0.0156374,0.0161062,0.0158578,0.0151666,0.0149327,0.0153803,0.0151432,0.0158904,0.0156453,0.0161143,0.0158658,0.0153963,0.0151589,0.0156133,0.0153725,0.016131,0.0158822,0.0163583,0.0161061,0.0151459,0.0149123,0.0153593,0.0151225,0.0158686,0.0156239,0.0160923,0.0158441,0.0153752,0.0151381,0.0155919,0.0153515,0.016109,0.0158605,0.016336,0.0160841,0.015383,0.0151458,0.0155998,0.0153592,0.0161171,0.0158685,0.0163442,0.0160922,0.015616,0.0153752,0.0158361,0.0155918,0.0163612,0.0161089,0.0165918,0.0163359
0.162380,0.0341242,0.037035,0.0370268,0.0350677,0.038059,0.0380506,0.035985,0.0390546,0.0390458,0.0332053,0.0360378,0.0360298,0.0341234,0.0370342,0.037026,0.035016,0.0380029,0.0379945,0.0350076,0.0379939,0.0379854,0.0359756,0.0390444,0.0390357,0.0369166,0.0400657,0.0400567,0.0148078,0.014536,0.0150518,0.0147756,0.0156537,0.0153664,0.0159116,0.0156196,0.0150738,0.0147972,0.0153222,0.015041,0.0159349,0.0156424,0.0161975,0.0159002,0.0150844,0.0148076,0.015333,0.0150517,0.0159461,0.0156535,0.0162089,0.0159115,0.0153554,0.0150736,0.0156085,0.015322,0.0162326,0.0159347,0.0165001,0.0161973,0.0150555,0.0147792,0.0153036,0.0150228,0.0159155,0.0156234,0.0161778,0.0158809,0.0153259,0.0150447,0.0155785,0.0152926,0.0162014,0.0159041,0.0164684,0.0161662,0.0153368,0.0150553,0.0155895,0.0153034,0.0162129,0.0159153,0.0164801,0.0161776,0.0156123,0.0153258,0.0158696,0.0155783,0.0165041,0.0162012,0.0167761,0.0164682
0.190490,0.0336395,0.0370345,0.0370233,0.0347344,0.03824,0.0382285,0.0357935,0.0394059,0.039394,0.0325779,0.0358658,0.035855,0.0336383,0.0370332,0.0370221,0.0346639,0.0381623,0.0381508,0.0346526,0.0381498,0.0381383,0.0357805,0.0393916,0.0393797,0.0368714,0.0405926,0.0405804,0.0146719,0.0143552,0.0149509,0.0146281,0.0156643,0.0153261,0.0159621,0.0156175,0.0149809,0.0146575,0.0152657,0.0149362,0.0159942,0.0156489,0.0162983,0.0159464,0.0149954,0.0146717,0.0152805,0.0149506,0.0160096,0.015664,0.016314,0.0159618,0.0153112,0.0149806,0.0156023,0.0152655,0.0163468,0.0159939,0.0166576,0.016298,0.0149559,0.014633,0.0152403,0.0149113,0.0159675,0.0156228,0.0162711,0.0159198,0.0152708,0.0149412,0.0155612,0.0152253,0.0163037,0.0159518,0.0166137,0.0162551,0.0152856,0.0149556,0.0155762,0.01524,0.0163195,0.0159672,0.0166298,0.0162708,0.0156075,0.0152706,0.0159043,0.0155609,0.0166631,0.0163034,0.01698,0.0166134
0.221378,0.0331137,0.037034,0.0370192,0.0343711,0.0384402,0.0384248,0.0355801,0.0397924,0.0397765,0.0319007,0.0356773,0.0356631,0.0331119,0.037032,0.0370172,0.0342767,0.0383347,0.0383194,0.0342616,0.0383178,0.0383025,0.0355626,0.0397728,0.0397568,0.0368136,0.0411719,0.0411554,0.0145245,0.014159,0.0148395,0.0144661,0.0156778,0.0152834,0.0160178,0.0156148,0.0148797,0.0145053,0.0152024,0.0148199,0.0160612,0.0156571,0.0164096,0.0159967,0.014899,0.0145241,0.0152221,0.0148391,0.016082,0.0156774,0.0164308,0.0160174,0.0152633,0.0148793,0.0155943,0.015202,0.0164753,0.0160608,0.0168326,0.0164091,0.0148462,0.0144726,0.0151682,0.0147865,0.0160251,0.0156219,0.0163726,0.0159607,0.0152092,0.0148266,0.0155391,0.0151481,0.016417,0.0160039,0.016773,0.016351,0.0152289,0.0148458,0.0155592,0.0151677,0.0164382,0.0160246,0.0167947,0.0163722,0.0156014,0.0152088,0.0159397,0.0155387,0.0168402,0.0164165,0.0172055,0.0167726
0.255312,0.0325444,0.0370336,0.0370143,0.0339753,0.0386619,0.0386417,0.0353425,0.0402176,0.0401966,0.0311712,0.0354709,0.0354524,0.0325417,0.0370305,0.0370112,0.0338512,0.0385206,0.0385005,0.0338315,0.0384982,0.0384781,0.035319,0.0401909,0.0401699,0.0367402,0.0418081,0.0417863,0.0143647,0.0139466,0.0147165,0.0142881,0.015695,0.0152381,0.0160794,0.0156113,0.0147695,0.0143396,0.0151312,0.0146908,0.0161372,0.0156675,0.0165325,0.0160513,0.0147947,0.0143641,0.0151571,0.0147159,0.0161648,0.0156943,0.0165607,0.0160787,0.0152116,0.0147689,0.0155842,0.0151306,0.0166203,0.0161366,0.0170274,0.0165318,0.0147254,0.0142967,0.015086,0.0146469,0.016089,0.0156207,0.0164831,0.0160033,0.0151403,0.0146996,0.0155111,0.0150596,0.0165424,0.0160609,0.0169476,0.0164543,0.0151662,0.0147247,0.0155376,0.0150854,0.0165707,0.0160883,0.0169765,0.0164824,0.0155936,0.0151397,0.0159755,0.0155105,0.0170376,0.0165417,0.0174549,0.0169468
0.292589,0.031929,0.0370333,0.0370085,0.0335448,0.0389074,0.0388813,0.0350775,0.0406851,0.0406579,0.0303873,0.0352451,0.0352215,0.0319251,0.0370287,0.0370039,0.0333838,0.0387206,0.0386947,0.0333584,0.0386911,0.0386652,0.0350465,0.0406491,0.0406219,0.0366478,0.0425064,0.042478,0.0141918,0.0137168,0.0145808,0.0140928,0.0157164,0.0151904,0.0161472,0.0156068,0.0146497,0.0141594,0.0150513,0.0145475,0.0162235,0.0156805,0.0166683,0.0161104,0.0146822,0.0141908,0.0150847,0.0145799,0.0162596,0.0157154,0.0167053,0.0161462,0.015156,0.0146487,0.0155715,0.0150503,0.0167842,0.0162225,0.0172443,0.0166672,0.0145923,0.0141039,0.0149923,0.0144906,0.01616,0.0156191,0.016603,0.0160473,0.0150631,0.014559,0.0154761,0.0149581,0.0166814,0.0161231,0.0171387,0.0165651,0.0150966,0.0145914,0.0155105,0.0149914,0.0167185,0.0161589,0.0171768,0.0166019,0.0155837,0.0150622,0.016011,0.0154751,0.0172579,0.0166803,0.017731,0.0171376
0.333528,0.0312654,0.0370333,0.0370019,0.0330774,0.0391795,0.0391463,0.0347823,0.041199,0.041164,0.0295473,0.0349983,0.0349686,0.0312597,0.0370265,0.0369951,0.0328709,0.038935,0.0389019,0.0328386,0.0388968,0.0388638,0.0347417,0.041151,0.0411161,0.0365324,0.043272,0.0432353,0.0140049,0.0134687,0.0144311,0.0138786,0.0157431,0.0151403,0.0162221,0.015601,0.0145195,0.0139636,0.0149614,0.0143886,0.0163216,0.0156967,0.0168182,0.0161743,0.0145611,0.0140036,0.0150042,0.0144297,0.0163682,0.0157415,0.0168663,0.0162206,0.0150961,0.0145181,0.0155555,0.0149599,0.0169697,0.01632,0.0174861,0.0168166,0.0144458,0.0138928,0.0148854,0.0143155,0.0162387,0.015617,0.0167329,0.0160922,0.0149767,0.0144033,0.0154324,0.0148416,0.0168354,0.0161909,0.0173477,0.0166836,0.0150195,0.0144444,0.0154765,0.014884,0.0168836,0.0162371,0.0173973,0.0167313,0.0155714,0.0149752,0.0160453,0.0154309,0.017504,0.0168338,0.0180366,0.0173461
0.378479,0.0305515,0.0370339,0.0369946,0.0325706,0.0394814,0.0394395,0.0344532,0.0417634,0.0417191,0.0286499,0.0347289,0.034692,0.0305433,0.037024,0.0369847,0.0323087,0.039164,0.0391224,0.0322682,0.0391149,0.0390733,0.0344007,0.0416999,0.0416556,0.0363891,0.0441101,0.0440632,0.0138034,0.0132014,0.014266,0.0136439,0.015776,0.0150881,0.0163047,0.0155937,0.0143784,0.0137514,0.0148603,0.0142122,0.0164332,0.0157166,0.0169839,0.0162433,0.0144307,0.0138014,0.0149143,0.0142639,0.016493,0.0157738,0.0170457,0.0163024,0.0150319,0.0143763,0.0155356,0.0148581,0.0171801,0.0164309,0.0177558,0.0169815,0.0142847,0.0136618,0.0147634,0.0141196,0.0163261,0.0156142,0.0168733,0.0161375,0.0148798,0.0142309,0.0153784,0.0147078,0.0170062,0.0162646,0.0175762,0.0168097,0.0149339,0.0142827,0.0154344,0.0147613,0.0170681,0.0163238,0.0176401,0.0168709,0.015556,0.0148776,0.0160773,0.0153762,0.0177791,0.0170038,0.018375,0.0175737
0.427825,0.0297857,0.0370355,0.0369868,0.0320224,0.0398166,0.0397642,0.0340865,0.0423831,0.0423274,0.0276945,0.0344353,0.03439,0.0297742,0.0370211,0.0369725,0.0316933,0.0394074,0.0393556,0.031643,0.0393448,0.0392931,0.0340192,0.0422994,0.0422438,0.036212,0.0450259,0.0449667,0.0135864,0.0129141,0.0140839,0.013387,0.0158165,0.0150339,0.0163957,0.0155844,0.0142255,0.0135216,0.0147464,0.0140167,0.0165606,0.0157411,0.017167,0.0163175,0.0142908,0.0135836,0.0148141,0.014081,0.0166365,0.0158132,0.0172457,0.0163923,0.014963,0.0142226,0.0155109,0.0147434,0.0174191,0.0165571,0.018057,0.0171634,0.0141075,0.0134094,0.0146241,0.0139004,0.0164232,0.0156105,0.0170246,0.0161821,0.0147711,0.0140402,0.015312,0.0145543,0.0171957,0.0163448,0.0178254,0.0169433,0.0148389,0.0141046,0.0153822,0.0146211,0.0172746,0.0164198,0.0179072,0.017021,0.0155369,0.0147681,0.0161058,0.0153088,0.0180872,0.0171922,0.0187495,0.0178217
0.481981,0.0289667,0.0370383,0.0369787,0.0314307,0.040189,0.0401243,0.0336782,0.0430628,0.0429934,0.0266811,0.0341159,0.034061,0.0289507,0.037018,0.0369583,0.0310209,0.039665,0.0396011,0.030959,0.0395858,0.039522,0.0335925,0.0429532,0.042884,0.0359945,0.0460246,0.0459505,0.0133533,0.0126059,0.0138834,0.0131063,0.0158661,0.014978,0.0164959,0.0155725,0.0140602,0.0132732,0.0146184,0.0138001,0.016706,0.0157709,0.0173692,0.0163969,0.0141408,0.0133493,0.0147022,0.0138792,0.0168018,0.0158613,0.0174687,0.0164909,0.0148894,0.014056,0.0154805,0.014614,0.0176912,0.016701,0.0183935,0.017364,0.0139128,0.013134,0.0144651,0.0136554,0.0165308,0.0156055,0.0171871,0.016225,0.0146493,0.0138294,0.0152309,0.0143783,0.017406,0.0164317,0.0180969,0.017084,0.0147333,0.0139086,0.0153182,0.0144608,0.0175058,0.0165259,0.0182007,0.0171819,0.0155133,0.0146449,0.0161291,0.0152263,0.0184325,0.0174008,0.0191642,0.0180915
0.541401,0.0280939,0.0370433,0.036971,0.0307938,0.0406033,0.040524,0.033224,0.0438076,0.0437221,0.0256108,0.0337693,0.0337033,0.028072,0.0370145,0.0369422,0.0302875,0.0399357,0.0398577,0.030212,0.0398362,0.0397584,0.0331155,0.0436646,0.0435793,0.0357289,0.0471106,0.0470185,0.0131034,0.0122761,0.0136627,0.0128,0.0159263,0.0149208,0.016606,0.0155576,0.0138818,0.0130053,0.0144743,0.0135604,0.0168723,0.0158071,0.0175924,0.0164817,0.0139804,0.0130978,0.0145771,0.0136568,0.0169923,0.0159194,0.0177175,0.0165989,0.0148109,0.0138758,0.015443,0.014468,0.0180016,0.0168651,0.0187699,0.0175849,0.0136991,0.0128342,0.0142838,0.0133819,0.0166503,0.015599,0.0173609,0.0162648,0.0145128,0.0135965,0.0151322,0.0141768,0.0176393,0.0165257,0.0183922,0.017231,0.014616,0.0136932,0.0152398,0.0142776,0.0177647,0.0166431,0.0185229,0.0173534,0.0154842,0.0145066,0.0161451,0.0151257,0.01882,0.0176318,0.0196232,0.0183843
0.606577,0.0271675,0.0370513,0.0369645,0.0301101,0.0410646,0.0409683,0.0327193,0.044623,0.0445184,0.0244857,0.0333939,0.0333156,0.0271379,0.037011,0.0369243,0.0294895,0.0402182,0.0401239,0.0293985,0.0400941,0.0400001,0.0325828,0.0444369,0.0443327,0.0354062,0.0482875,0.0481743,0.0128362,0.0119243,0.01342,0.0124667,0.0159992,0.0148626,0.0167269,0.0155387,0.0136895,0.0127171,0.0143122,0.0132955,0.0170628,0.0158507,0.0178389,0.0165717,0.0138093,0.0128283,0.0144374,0.0134118,0.0172121,0.0159894,0.017995,0.0167166,0.0147273,0.0136811,0.0153972,0.0143034,0.0183564,0.0170524,0.0191913,0.017828,0.0134648,0.0125083,0.0140772,0.0130772,0.0167827,0.0155905,0.017546,0.0162996,0.0143599,0.0133398,0.0150131,0.0139466,0.0178984,0.0166269,0.0187125,0.0173832,0.0144855,0.0134565,0.0151444,0.0140686,0.018055,0.0167724,0.0188762,0.0175353,0.0154485,0.0143511,0.0161512,0.0150039,0.0192553,0.0178874,0.0201311,0.018701
0.678048,0.0261884,0.0370637,0.0369604,0.0293789,0.0415791,0.0414632,0.0321594,0.0455143,0.0453875,0.0233091,0.0329887,0.0328968,0.0261488,0.0370077,0.0369046,0.0286237,0.0405103,0.0403974,0.0285149,0.0403564,0.040244,0.0319889,0.045273,0.0451468,0.0350164,0.0495578,0.0494197,0.0125511,0.0115502,0.0131537,0.0121047,0.0160869,0.014804,0.0168593,0.0155148,0.0134828,0.0124076,0.0141301,0.0130033,0.0172812,0.015903,0.0181109,0.0166666,0.0136269,0.0125402,0.0142811,0.0131423,0.0174658,0.016073,0.0183044,0.0168447,0.0146385,0.0134711,0.0153413,0.0141179,0.0187624,0.0172662,0.0196632,0.0180952,0.0132082,0.0121549,0.0138424,0.0127385,0.0169292,0.0155792,0.017742,0.0163271,0.0141888,0.0130572,0.01487,0.0136841,0.018186,0.0167357,0.0190591,0.0175392,0.0143404,0.0131968,0.0150289,0.0138304,0.0183803,0.0169145,0.0192628,0.0177266,0.015405,0.0141765,0.0161446,0.0148571,0.0197448,0.0181702,0.0206928,0.0190426
0.756401,0.0251587,0.0370822,0.0369607,0.0285995,0.0421538,0.0420156,0.0315397,0.0464873,0.046335,0.0220857,0.0325528,0.0324461,0.0251063,0.0370049,0.0368836,0.0276873,0.0408091,0.0406754,0.0275587,0.0406196,0.0404865,0.0313278,0.046175,0.0460236,0.0345484,0.0509219,0.050755,0.0122478,0.0111536,0.0128618,0.0117127,0.0161921,0.0147455,0.0170038,0.0154847,0.0132611,0.0120763,0.0139259,0.0126818,0.0175317,0.0159655,0.0184107,0.0167659,0.0134329,0.0122328,0.0141064,0.0128461,0.0177589,0.0161723,0.0186492,0.0169831,0.0145443,0.0132449,0.0152735,0.0139089,0.0192282,0.0175104,0.0201922,0.0183882,0.0129279,0.0117729,0.013576,0.0123631,0.0170912,0.0155643,0.017948,0.0163446,0.0139974,0.0127469,0.0146992,0.013386,0.0185052,0.016852,0.019433,0.0176968,0.0141788,0.0129121,0.0148897,0.0135594,0.018745,0.0170703,0.0196848,0.0179262,0.0153519,0.0139804,0.0161216,0.0146813,0.0202959,0.0184827,0.0213134,0.0194093
0.842280,0.0240815,0.0371092,0.0369677,0.0277724,0.0427968,0.0426336,0.0308554,0.0475476,0.0473664,0.0208215,0.0320855,0.0319632,0.0240128,0.0370032,0.0368621,0.0266784,0.0411109,0.0409542,0.0265278,0.0408788,0.040723,0.0305937,0.0471442,0.0469645,0.0339899,0.0523777,0.052178,0.011926,0.0107347,0.0125427,0.0112898,0.0163174,0.0146874,0.0171612,0.0154469,0.0130238,0.0117228,0.0136972,0.012329,0.0178194,0.0160394,0.0187409,0.0168688,0.0132269,0.0119057,0.0139109,0.0125213,0.0180973,0.0162896,0.0190331,0.0171319,0.0144444,0.0130016,0.0151914,0.0136739,0.0197632,0.017789,0.0207852,0.0187089,0.0126221,0.0113613,0.0132748,0.0119487,0.0172698,0.0155447,0.0181628,0.0163485,0.013784,0.0124071,0.0144967,0.0130486,0.0188595,0.0169756,0.0198347,0.0178534,0.0139989,0.0126006,0.0147228,0.0132521,0.0191536,0.0172404,0.0201441,0.0181319,0.0152875,0.0137605,0.0160781,0.014472,0.0209167,0.0188274,0.0219983,0.0198009
0.936391,0.0229613,0.0371477,0.036985,0.0268986,0.0435177,0.043327,0.0301024,0.0487008,0.0484874,0.0195241,0.0315868,0.0314484,0.022872,0.0370032,0.0368411,0.0255962,0.0414105,0.0412291,0.0254218,0.0411284,0.0409482,0.029781,0.0481809,0.0479698,0.033328,0.0539195,0.0536832,0.0115857,0.0102941,0.0121947,0.0108352,0.016466,0.0146304,0.0173316,0.0153995,0.0127705,0.0113468,0.0134418,0.0119433,0.0181499,0.0161266,0.0191041,0.0169743,0.0130084,0.0115582,0.0136922,0.0121658,0.018488,0.016427,0.0194599,0.0172905,0.0143387,0.0127402,0.0150925,0.01341,0.0203788,0.0181069,0.0214501,0.0190588,0.0122895,0.0109194,0.0129355,0.0114935,0.0174663,0.0155191,0.0183845,0.016335,0.0135463,0.0120361,0.0142584,0.0126689,0.0192525,0.0171062,0.0202646,0.0180055,0.0137986,0.0122603,0.014524,0.0129049,0.0196112,0.0174249,0.0206421,0.0183409,0.0152098,0.0135142,0.0160094,0.0142246,0.0216168,0.0192069,0.0227531,0.0202166
1.039514,0.0218036,0.0372019,0.037017,0.02598,0.0443278,0.0441074,0.0292766,0.0499525,0.0497041,0.0182023,0.0310572,0.0309028,0.0216888,0.0370061,0.0368221,0.0244409,0.0417017,0.0414944,0.0242413,0.0413611,0.0411555,0.0288846,0.0492836,0.0490386,0.0325497,0.0555372,0.0552611,0.0112269,0.00983256,0.0118165,0.010349,0.0166413,0.0145745,0.0175153,0.01534,0.012501,0.0109484,0.0131575,0.0115234,0.0185298,0.0162285,0.019503,0.0170809,0.0127768,0.01119,0.0134479,0.0117777,0.0189387,0.0165866,0.0199334,0.0174578,0.0142268,0.0124599,0.014974,0.0131143,0.021088,0.018469,0.0221955,0.019439,0.0119288,0.0104473,0.0125553,0.010996,0.0176817,0.0154857,0.0186103,0.016299,0.0132825,0.0116329,0.0139801,0.0122439,0.0196883,0.0172431,0.0207223,0.0181487,0.0135756,0.0118896,0.0142886,0.012514,0.0201227,0.0176236,0.0211796,0.0185492,0.0151162,0.0132389,0.0159102,0.0139342,0.0224064,0.0196236,0.0235832,0.0206543
1.152513,0.0206154,0.037277,0.0370697,0.0250194,0.0452403,0.0449888,0.028375,0.0513079,0.0510226,0.0168662,0.0304977,0.0303281,0.0204693,0.0370128,0.036807,0.0232146,0.0419769,0.0417434,0.022989,0.0415689,0.0413378,0.0279001,0.0504492,0.0501686,0.031642,0.0572153,0.0568971,0.0108499,0.00935142,0.011407,0.00983159,0.0168469,0.0145201,0.0177119,0.0152657,0.012215,0.010528,0.0128422,0.0110686,0.0189665,0.0163471,0.0199404,0.0171864,0.0125315,0.0108008,0.013175,0.0113554,0.0194579,0.0167706,0.0204571,0.0176317,0.0141082,0.0121597,0.0148327,0.0127841,0.0219061,0.0188807,0.023031,0.0198502,0.011539,0.00994531,0.0121315,0.010456,0.0179168,0.0154423,0.0188368,0.0162352,0.0129908,0.0111966,0.0136578,0.0117716,0.0201711,0.0173852,0.0212068,0.0182779,0.0133274,0.0114867,0.0140117,0.0120766,0.0206937,0.0178357,0.0217563,0.0187515,0.0150042,0.012932,0.0157747,0.013596,0.0232974,0.0200798,0.0244936,0.0211108
1.276356,0.0194047,0.0373794,0.0371507,0.0240206,0.0462711,0.045988,0.0273955,0.0527721,0.0524491,0.015527,0.0299099,0.0297268,0.0192206,0.0370247,0.0367982,0.021921,0.0422266,0.0419682,0.0216696,0.0417423,0.0414868,0.0268243,0.0516718,0.0513556,0.030593,0.0589315,0.0585709,0.0104552,0.00885235,0.0109656,0.00928447,0.0170866,0.014467,0.0179206,0.0151732,0.0119128,0.0100864,0.0124943,0.0105788,0.0194685,0.0164838,0.0204189,0.0172885,0.0122717,0.0103903,0.0128707,0.0108975,0.0200551,0.0169805,0.0210341,0.0178094,0.0139824,0.0118388,0.014665,0.0124167,0.0228509,0.0193477,0.0239664,0.0202921,0.0111195,0.00941475,0.0116623,0.00987432,0.0181721,0.0153861,0.0190591,0.0161372,0.0126696,0.0107272,0.013288,0.0112509,0.0207054,0.017531,0.0217161,0.0183868,0.0130513,0.0110504,0.0136884,0.0115898,0.0213292,0.0180593,0.0223704,0.0189408,0.0148708,0.0125909,0.0155967,0.0132055,0.0243027,0.0205768,0.025489,0.0215813
1.412131,0.0181804,0.0375173,0.0372695,0.0229882,0.0474385,0.0471252,0.0263371,0.0543495,0.0539905,0.0141965,0.0292961,0.0291026,0.0179507,0.0370433,0.0367986,0.0205658,0.0424398,0.0421595,0.02029,0.0418706,0.041594,0.0256556,0.052943,0.0525934,0.0293931,0.0606559,0.0602553,0.0100437,0.00833755,0.0104923,0.00870994,0.0173645,0.0144147,0.01814,0.0150586,0.0115945,0.00962493,0.0121124,0.0100548,0.0200457,0.0166405,0.020941,0.0173837,0.0119964,0.00995854,0.0125322,0.0104033,0.0207405,0.0172173,0.0216668,0.0179863,0.0138487,0.0114962,0.0144673,0.0120097,0.023943,0.0198757,0.0250124,0.0207635,0.0106702,0.00885766,0.0111468,0.00925328,0.0184477,0.0153139,0.0192716,0.0159979,0.0123178,0.0102254,0.012868,0.0106821,0.0212961,0.0176785,0.0222473,0.0184681,0.0127447,0.0105798,0.013314,0.0110523,0.0220343,0.0182913,0.0230184,0.0191083,0.0147126,0.0122134,0.0153698,0.0127589,0.0254365,0.0211156,0.0265727,0.0220587
1.561074,0.0169523,0.0377006,0.037438,0.0219273,0.0487646,0.0484249,0.0252006,0.0560442,0.0556538,0.0128867,0.0286591,0.0284594,0.0166686,0.0370696,0.0368114,0.0191569,0.0426034,0.0423066,0.0188596,0.0419423,0.0416502,0.0243943,0.0542511,0.0538731,0.028036,0.0623498,0.0619154,0.00961627,0.00780969,0.00998778,0.00811141,0.0176846,0.0143623,0.0183678,0.0149171,0.0112609,0.00914534,0.0116959,0.00949865,0.0207091,0.0168186,0.0215092,0.0174683,0.0117044,0.00950554,0.0121566,0.00987277,0.0215248,0.017481,0.0223563,0.0181563,0.0137061,0.0111312,0.0142357,0.0115612,0.025206,0.0204706,0.0261798,0.0212615,0.0101918,0.00827708,0.0105855,0.00859685,0.018743,0.0152218,0.0194671,0.0158099,0.0119348,0.00969266,0.0123959,0.0100671,0.0219485,0.0178251,0.0227964,0.0185137,0.0124049,0.0100744,0.0128841,0.0104636,0.022813,0.0185272,0.0236943,0.0192429,0.0145264,0.0117974,0.0150876,0.0122532,0.0267145,0.0216957,0.0277466,0.0225339
1.724596,0.0157304,0.0379414,0.0376706,0.0208438,0.0502747,0.0499159,0.0239884,0.0578596,0.0574466,0.0116096,0.028002,0.0278022,0.0153834,0.0371045,0.0368397,0.0177043,0.0427024,0.0423976,0.0173904,0.0419453,0.0416459,0.0230434,0.0555802,0.0551835,0.0265199,0.0639654,0.0635089,0.00917443,0.00727199,0.00945379,0.00749342,0.0180513,0.0143081,0.018601,0.0147438,0.0109129,0.00864998,0.0112452,0.00891337,0.0214719,0.0170194,0.0221257,0.0175376,0.0113944,0.00903166,0.0117414,0.00930667,0.0224193,0.0177704,0.023102,0.0183115,0.0135536,0.0107431,0.0139663,0.0110702,0.0266676,0.0211377,0.0274797,0.0217814,0.00968549,0.00767707,0.00998042,0.00791084,0.0190568,0.0151051,0.0196371,0.0155651,0.0115208,0.00913183,0.0118716,0.0094099,0.022668,0.0179675,0.0233582,0.0185146,0.0120292,0.00953477,0.0123955,0.00982511,0.0236682,0.0187603,0.0243889,0.0193315,0.0143086,0.0113415,0.0147443,0.0116869,0.0281532,0.0223152,0.0290104,0.0229947
1.904329,0.0145247,0.0382537,0.0379846,0.0197436,0.0519988,0.051633,0.0227048,0.059798,0.0593772,0.0103763,0.0273281,0.0271358,0.0141046,0.0371475,0.0368861,0.0162201,0.0427191,0.0424185,0.0158966,0.0418669,0.0415723,0.0216084,0.0569103,0.0565099,0.0248494,0.0654461,0.0649856,0.00871994,0.00672814,0.00889301,0.00686168,0.0184686,0.0142501,0.0188352,0.0145329,0.0105521,0.00814179,0.0107615,0.0083034,0.0223491,0.0172441,0.0227927,0.0175864,0.011065,0.00853758,0.0112847,0.00870704,0.0234355,0.0180824,0.0239007,0.0184413,0.0133899,0.0103314,0.0136557,0.0105365,0.0283596,0.0218817,0.0289225,0.022316,0.00915361,0.00706276,0.00933529,0.00720294,0.0193872,0.0149588,0.019772,0.0152557,0.0110769,0.00854671,0.0112967,0.00871635,0.0234606,0.0181018,0.0239263,0.0184611,0.0116153,0.00896218,0.0118459,0.00914007,0.0246011,0.0189817,0.0250893,0.0193585,0.0140559,0.0108452,0.0143348,0.0110605,0.02977,0.02297,0.0303609,0.0234259
2.102166,0.0133447,0.0386543,0.0384005,0.0186324,0.053971,0.0536166,0.0213562,0.0618606,0.0614543,0.00919704,0.0266403,0.0264653,0.0128413,0.0371964,0.0369521,0.0147185,0.0426338,0.0423538,0.0143944,0.041695,0.0414212,0.0200981,0.0582165,0.0578342,0.0230361,0.0667267,0.0662885,0.00825502,0.00618235,0.00830931,0.00622301,0.0189409,0.0141852,0.0190655,0.0142785,0.0101804,0.00762429,0.0102473,0.00767443,0.0233586,0.0174937,0.0235122,0.0176088,0.0107146,0.00802441,0.0107851,0.00807718,0.0245844,0.0184118,0.0247461,0.0185329,0.0132137,0.00989598,0.0133006,0.00996107,0.0303184,0.022706,0.0305178,0.0228554,0.00859936,0.00644023,0.00865592,0.00648259,0.019731,0.0147769,0.0198607,0.0148741,0.010605,0.00794232,0.0106748,0.00799456,0.0243329,0.0182234,0.024493,0.0183433,0.0111616,0.00835913,0.011235,0.00841411,0.0256099,0.0191798,0.0257783,0.0193059,0.0137649,0.0103088,0.0138554,0.0103766,0.0315831,0.0236532,0.0317908,0.0238087
2.320320,0.0121993,0.0391624,0.0389425,0.0175159,0.05623,0.0559143,0.0199509,0.0640468,0.0636872,0.00808064,0.0259407,0.025795,0.0116023,0.0372461,0.0370369,0.0132152,0.0424238,0.0421856,0.0129019,0.041418,0.0411855,0.0185247,0.0594687,0.0591347,0.0210999,0.0677356,0.0673553,0.00778234,0.00563921,0.00770773,0.00558514,0.0194723,0.0141099,0.0192856,0.0139747,0.00980037,0.0071015,0.00970641,0.00703342,0.0245216,0.0177688,0.0242865,0.0175984,0.0103417,0.00749379,0.0102426,0.00742194,0.0258762,0.0187503,0.0256281,0.0185705,0.0130234,0.00943699,0.0128986,0.00934651,0.0325861,0.0236124,0.0322737,0.023386,0.00802699,0.00581648,0.00795002,0.00576071,0.0200844,0.0145535,0.0198919,0.014414,0.0101084,0.00732474,0.0100115,0.00725451,0.0252925,0.0183273,0.02505,0.0181516,0.0106668,0.00772936,0.0105646,0.00765525,0.0266896,0.0193397,0.0264337,0.0191543,0.0134328,0.00973365,0.013304,0.00964032,0.0336105,0.0243547,0.0332882,0.0241212
2.561394,0.0110962,0.0398001,0.039639,0.0163987,0.0588191,0.0585809,0.0184993,0.0663536,0.0660849,0.00703423,0.0252305,0.0251284,0.0103956,0.0372872,0.0371362,0.0117273,0.0420636,0.0418933,0.011438,0.0410262,0.04086,0.0169038,0.060631,0.0603855,0.0190692,0.0683976,0.0681207,0.00730505,0.00510364,0.00709447,0.00495652,0.0200672,0.0140199,0.0194888,0.0136158,0.00941524,0.00657791,0.00914383,0.0063883,0.025864,0.0180698,0.0251184,0.0175489,0.00994502,0.00694804,0.00965834,0.00674776,0.0273193,0.0190865,0.0265318,0.0185363,0.0128178,0.0089551,0.0124483,0.00869696,0.035211,0.0246,0.034196,0.0238909,0.00744169,0.00519911,0.00722718,0.00504924,0.0204426,0.0142821,0.0198533,0.0138704,0.00959135,0.00670096,0.00931487,0.00650779,0.0263478,0.0184078,0.0255883,0.0178772,0.010131,0.00707801,0.009839,0.00687398,0.0278304,0.0194436,0.0270281,0.0188831,0.0130576,0.00912261,0.0126812,0.00885964,0.0358696,0.0250602,0.0348356,0.0243378
2.828462,0.010042,0.0405927,0.0405228,0.0152847,0.0617851,0.0616787,0.0170137,0.0687744,0.0686559,0.00606321,0.0245092,0.024467,0.00922864,0.0373048,0.0372406,0.0102726,0.0415248,0.0414533,0.010022,0.040512,0.0404422,0.0152543,0.0616622,0.061556,0.0169799,0.0686376,0.0685194,0.0068267,0.00458072,0.00647675,0.0043459,0.0207305,0.0139101,0.0196678,0.0131971,0.00902877,0.0060583,0.00856593,0.00574774,0.0274174,0.0183971,0.0260119,0.017454,0.0095235,0.00639026,0.0090353,0.00606268,0.0289197,0.0194051,0.0274372,0.0184104,0.0125955,0.00845155,0.0119498,0.0080183,0.0382483,0.0256646,0.0362876,0.0243489,0.00684954,0.00459604,0.00649841,0.00436043,0.0207998,0.0139567,0.0197335,0.0132412,0.00905897,0.00607857,0.00859458,0.00576696,0.0275091,0.0184586,0.0260989,0.0175124,0.00955535,0.00641164,0.00906552,0.00608296,0.0290165,0.01947,0.027529,0.0184719,0.0126376,0.00847982,0.0119898,0.00804512,0.0383762,0.0257504,0.0364089,0.0244304
3.125159,0.0090419,0.0415692,0.0416328,0.0141771,0.0651778,0.0652775,0.0155082,0.0712974,0.0714065,0.00517124,0.0237743,0.0238106,0.00810817,0.0372765,0.0373335,0.00886946,0.0407764,0.0408388,0.00867262,0.0398715,0.0399325,0.0135981,0.0625159,0.0626115,0.0148749,0.0683856,0.0684902,0.00635126,0.0040755,0.00586255,0.00376191,0.0214672,0.0137752,0.0198154,0.0127152,0.00864534,0.00554758,0.00798011,0.00512071,0.0292212,0.0187508,0.0269727,0.017308,0.00907674,0.0058244,0.00837831,0.00537623,0.0306794,0.0196865,0.0283187,0.0181717,0.0123553,0.00792818,0.0114046,0.00731813,0.0417608,0.0267972,0.0385474,0.0247353,0.00625721,0.00401515,0.00577574,0.0037062,0.0211494,0.0135712,0.019522,0.0125269,0.00851732,0.00546543,0.00786194,0.00504488,0.0287885,0.0184731,0.0265733,0.0170517,0.00894234,0.00573816,0.00825425,0.00529662,0.0302251,0.019395,0.0278993,0.0179026,0.0121723,0.00781078,0.0112357,0.00720977,0.0411424,0.0264004,0.0379766,0.024369
3.455797,0.00809981,0.042763,0.0430145,0.0130784,0.0690476,0.0694538,0.0139982,0.0739037,0.0743385,0.00436043,0.0230209,0.0231563,0.0070406,0.0371709,0.0373895,0.00753577,0.0397851,0.0400191,0.00740697,0.0391051,0.0393351,0.0119597,0.0631414,0.0635128,0.0128009,0.0675822,0.0679797,0.00588294,0.00359286,0.0052603,0.00321259,0.0222839,0.0136093,0.0199254,0.0121689,0.0082698,0.00505057,0.00739454,0.00451602,0.0313251,0.019131,0.0280097,0.0171062,0.00860507,0.00525533,0.00769432,0.00469911,0.032595,0.0199066,0.0291452,0.0177997,0.0120964,0.00738755,0.0108161,0.00660566,0.0458196,0.0279832,0.0409702,0.0250215,0.00567173,0.00346387,0.00507144,0.00309726,0.0214839,0.0131207,0.01921,0.011732,0.0079729,0.00486925,0.00712906,0.00435389,0.0302004,0.0184441,0.0270041,0.016492,0.00829613,0.00506665,0.00741808,0.0045304,0.0314248,0.0191919,0.0280988,0.0171606,0.0116621,0.00712232,0.0104278,0.0063685,0.0441746,0.0269785,0.0394992,0.0241232
3.825482,0.00721856,0.0442128,0.0447221,0.0119909,0.0734428,0.0742889,0.0125006,0.0765644,0.0774464,0.00363142,0.022242,0.0224982,0.00603222,0.0369466,0.0373723,0.00628861,0.038517,0.0389607,0.00623992,0.0382188,0.0386591,0.0103653,0.063486,0.0642174,0.0108058,0.0661844,0.0669468,0.0054261,0.0031372,0.00467845,0.00270494,0.0231881,0.0134066,0.0199931,0.0115594,0.00790738,0.0045718,0.00681784,0.00394186,0.0337917,0.0195373,0.0291356,0.0168453,0.00810971,0.00468878,0.00699229,0.00404272,0.0346563,0.0200372,0.0298811,0.0172763,0.0118182,0.00683289,0.0101898,0.0058914,0.0505041,0.0291999,0.0435453,0.0251765,0.00510011,0.00294872,0.00439738,0.00254243,0.021795,0.0126012,0.0187919,0.0108649,0.00743231,0.00429713,0.00640823,0.00370504,0.0317615,0.0183635,0.0273852,0.0158332,0.00762248,0.00440708,0.0065722,0.00379984,0.0325742,0.0188334,0.0280859,0.0162384,0.0111081,0.00642237,0.00957757,0.00553745,0.0474699,0.0274456,0.0409291,0.0236639
4.240249,0.00639999,0.0459641,0.0468202,0.0109171,0.0784054,0.0798657,0.0110328,0.0792367,0.0807125,0.00298364,0.0214282,0.0218273,0.00508948,0.0365522,0.037233,0.00514345,0.0369397,0.0376278,0.00518317,0.037225,0.0379184,0.00884143,0.0634983,0.064681,0.00893517,0.0641715,0.0653668,0.00498503,0.00271233,0.00412504,0.00224441,0.0241892,0.0131612,0.0200162,0.0108907,0.00756349,0.00411526,0.00625868,0.00340532,0.0367008,0.0199687,0.0303694,0.0165238,0.00759295,0.00413129,0.00628305,0.00341858,0.0368438,0.0200465,0.0304877,0.0165882,0.0115203,0.00626816,0.0095329,0.00518681,0.0559008,0.0304154,0.0462571,0.0251683,0.00454892,0.00247505,0.00376416,0.00204806,0.022073,0.0120098,0.0182651,0.00993795,0.0069018,0.00375524,0.00571114,0.0031074,0.0334901,0.0182218,0.0277125,0.0150783,0.00692869,0.00376987,0.00573339,0.00311951,0.0336205,0.0182928,0.0278205,0.015137,0.0105125,0.00571979,0.00869893,0.00473305,0.0510104,0.0277545,0.0422104,0.0229665
4.707207,0.00564509,0.04807,0.0493859,0.00986038,0.0839648,0.0862633,0.00961319,0.0818599,0.0841007,0.00241543,0.0205683,0.0211313,0.00421907,0.0359269,0.0369104,0.0041133,0.0350263,0.0359851,0.0042445,0.0361435,0.0371329,0.00741394,0.0631325,0.0648607,0.00722809,0.0615498,0.0632347,0.00456372,0.00232122,0.00360717,0.00183469,0.0252984,0.0128674,0.0199959,0.0101704,0.00724354,0.00368424,0.0057253,0.00291203,0.0401537,0.0204231,0.0317375,0.0161425,0.00705824,0.00358999,0.00557884,0.00283753,0.0391265,0.0199007,0.0309256,0.0157295,0.0112028,0.00569803,0.00885474,0.00450373,0.0621016,0.0315864,0.0490852,0.0249659,0.00402396,0.00204668,0.00318055,0.0016177,0.0223064,0.0113455,0.017631,0.00896754,0.00638684,0.0032485,0.00504817,0.00256762,0.0354047,0.0180077,0.0279839,0.0142333,0.00622346,0.0031654,0.00491903,0.00250194,0.034499,0.017547,0.027268,0.0138692,0.00987787,0.00502412,0.00780748,0.00397107,0.0547568,0.0278506,0.0432798,0.0220132
5.234678,0.00495407,0.0505925,0.0525107,0.0088257,0.0901307,0.0935481,0.00825964,0.08435,0.0875482,0.00192408,0.0196493,0.0203943,0.00342776,0.0350054,0.0363326,0.00320792,0.0327602,0.0340023,0.00342738,0.0350014,0.0363285,0.00610589,0.0623552,0.0647194,0.00571427,0.0583559,0.0605685,0.00416563,0.00196587,0.00313063,0.00147743,0.0265286,0.0125196,0.0199373,0.00940894,0.00695269,0.00328116,0.00522521,0.00246592,0.0442779,0.0208959,0.0332766,0.0157041,0.00651017,0.00307232,0.00489264,0.00230897,0.0414597,0.0195659,0.0311586,0.0147046,0.0108659,0.00512789,0.00816611,0.00385381,0.0691988,0.0326568,0.0520056,0.0245428,0.00352992,0.00166586,0.00265287,0.00125196,0.0224801,0.010609,0.0168947,0.00797305,0.00589164,0.00278042,0.0044278,0.0020896,0.0375207,0.017707,0.0281982,0.0133075,0.00551666,0.00260346,0.00414598,0.0019566,0.0351326,0.01658,0.0264035,0.0124605,0.00920763,0.00434533,0.00691989,0.00326568,0.0586384,0.027673,0.044069,0.0207974
4.998048,0.00524574,0.0494437,0.0510813,0.00927105,0.0873843,0.0902784,0.00883704,0.0832936,0.0860521,0.00212781,0.0200557,0.0207199,0.00376058,0.0354454,0.0366193,0.00358454,0.0337861,0.034905,0.00376657,0.0355018,0.0366776,0.00665684,0.062744,0.064822,0.00634521,0.0598068,0.0617875,0.00433513,0.00211541,0.00333179,0.00162581,0.0259797,0.0126773,0.0199669,0.00974323,0.00707486,0.00345231,0.00543743,0.0026533,0.0423986,0.0206892,0.0325857,0.0159008,0.00674901,0.00329331,0.005187,0.00253109,0.0404458,0.0197363,0.0310849,0.0151685,0.0110143,0.00537463,0.00846511,0.00413071,0.066007,0.0322093,0.0507301,0.0247547,0.00374,0.001825,0.0028744,0.00140262,0.0224133,0.010937,0.0172259,0.00840568,0.00610363,0.00297838,0.00469099,0.00228905,0.0365781,0.017849,0.0281124,0.013718,0.00582251,0.0028412,0.00447493,0.00218363,0.0348934,0.0170269,0.0268176,0.0130861,0.00950226,0.0046368,0.00730302,0.00356365,0.0569456,0.0277877,0.0437659,0.0213564
4.999988,0.00524323,0.0494531,0.0510928,0.00926728,0.087407,0.0903052,0.00883212,0.0833026,0.0860647,0.00212604,0.0200523,0.0207172,0.00375772,0.035442,0.0366171,0.00358127,0.0337777,0.0348977,0.00376362,0.0354976,0.0366746,0.00665209,0.0627411,0.0648215,0.00633973,0.059795,0.0617777,0.00433368,0.00211412,0.00333006,0.00162452,0.0259843,0.012676,0.0199667,0.00974044,0.00707381,0.00345085,0.00543562,0.00265168,0.0424138,0.0206909,0.0325914,0.0158992,0.00674701,0.00329142,0.0051845,0.00252918,0.0404543,0.019735,0.0310857,0.0151647,0.0110131,0.00537255,0.00846259,0.00412834,0.0660331,0.0322132,0.0507408,0.0247531,0.00373821,0.00182363,0.00287249,0.0014013,0.0224139,0.0109343,0.0172232,0.00840205,0.00610183,0.00297668,0.00468873,0.00228733,0.0365859,0.0178479,0.0281131,0.0137146,0.00581993,0.00283916,0.00447212,0.00218165,0.0348957,0.0170233,0.0268143,0.013081,0.0094998,0.00463433,0.00729979,0.00356109,0.0569598,0.0277869,0.0437687,0.0213519
5.000000,0.00524322,0.0494531,0.0510929,0.00926726,0.0874071,0.0903053,0.00883209,0.0833027,0.0860648,0.00212603,0.0200523,0.0207172,0.0037577,0.0354419,0.0366171,0.00358125,0.0337777,0.0348977,0.0037636,0.0354976,0.0366746,0.00665206,0.0627411,0.0648214,0.0063397,0.0597949,0.0617776,0.00433367,0.00211411,0.00333005,0.00162451,0.0259843,0.012676,0.0199667,0.00974042,0.0070738,0.00345084,0.00543561,0.00265167,0.0424139,0.0206909,0.0325914,0.0158992,0.006747,0.00329141,0.00518448,0.00252917,0.0404544,0.019735,0.0310857,0.0151646,0.011013,0.00537254,0.00846258,0.00412833,0.0660332,0.0322132,0.0507408,0.0247531,0.0037382,0.00182362,0.00287248,0.00140129,0.0224139,0.0109342,0.0172231,0.00840203,0.00610182,0.00297667,0.00468872,0.00228732,0.0365859,0.0178479,0.0281131,0.0137145,0.00581992,0.00283915,0.0044721,0.00218164,0.0348957,0.0170233,0.0268143,0.0130809,0.00949979,0.00463432,0.00729977,0.00356107,0.0569599,0.0277869,0.0437687,0.0213519
5.000000,0.00524322,0.0494531,0.0510929,0.00926726,0.0874071,0.0903053,0.00883209,0.0833027,0.0860648,0.00212603,0.0200523,0.0207172,0.0037577,0.0354419,0.0366171,0.00358125,0.0337777,0.0348977,0.0037636,0.0354976,0.0366746,0.00665206,0.0627411,0.0648214,0.0063397,0.0597949,0.0617776,0.00433367,0.00211411,0.00333005,0.00162451,0.0259843,0.012676,0.0199667,0.00974042,0.0070738,0.00345084,0.00543561,0.00265167,0.0424139,0.0206909,0.0325914,0.0158992,0.006747,0.00329141,0.00518448,0.00252917,0.0404544,0.019735,0.0310857,0.0151646,0.011013,0.00537253,0.00846258,0.00412833,0.0660332,0.0322132,0.0507408,0.0247531,0.0037382,0.00182362,0.00287248,0.00140129,0.0224139,0.0109342,0.0172231,0.00840203,0.00610182,0.00297667,0.00468872,0.00228732,0.0365859,0.0178479,0.0281131,0.0137145,0.00581992,0.00283915,0.0044721,0.00218164,0.0348957,0.0170233,0.0268143,0.0130809,0.00949979,0.00463432,0.00729977,0.00356107,0.0569599,0.0277869,0.0437687,0.0213519
